reviewId,content,topic_id,topic_name,main_topic_prob,alt_topic_1,alt_topic_1_name,alt_topic_1_prob,alt_topic_2,alt_topic_2_name,alt_topic_2_prob
f15cbf01-1f58-4930-92f0-817186234faa,sering bermasalah pas pembayaran divirtual account sebelum update baik2 saja setelah update malah sering gk bs virtual accountnya,0,Saya Bisa Kenapa,0.8014130592346191,7,Chat Bayar Dokter,0.7187639474868774,3,Berakhir Belum Konsultasi,0.6768797039985657
69c87a75-1abc-4b79-b90d-5063b7e02fa1,"Pengalaman konsultasinya cukup baik, tetapi saya mengalami kendala pada fitur chat. Pesan yang saya kirim tidak terkirim dan hanya menampilkan ikon jam dalam waktu yang cukup lama, padahal koneksi internet saya saat itu dalam kondisi baik. Menurut saya hal ini cukup mengganggu karena konsultasi bersifat berbayar dan memiliki batas waktu. Kalau saya tidak mencoba mengirim ulang pesan secara manual, bisa saja waktu konsultasi terbuang karena dokter tidak menerima pesan yang ingin disampaikan",1,Dokter Saya Yang,0.8121763467788696,8,Yang Bisa Apotek,0.748900830745697,0,Saya Bisa Kenapa,0.7260982394218445
cbffc6b8-38cb-4093-bc32-db04052b2ce0,"agak susah connect, padahal jaringan lancar",0,Saya Bisa Kenapa,0.7648903131484985,14,Mohon Lokasi Akurat,0.6520934104919434,5,Pembayaran Bank Lewat,0.6500921249389648
926f85d8-fd91-4ab9-80c9-67efd66e4681,kenapaa aku ga bisa masuk ya disuruh isi nomer telpon udaj diklik kirim kode lewat wa tapi malah ga jalan²,0,Saya Bisa Kenapa,0.8125038743019104,9,Alamat Maps Sesuai,0.7334204912185669,7,Chat Bayar Dokter,0.7189688682556152
1265bc63-8653-45c0-ba48-5d622c887f0e,ketika mau bayar balik lagi ke menu pencarian👎,0,Saya Bisa Kenapa,0.644121527671814,7,Chat Bayar Dokter,0.6209919452667236,13,Ongkir Mahal Cuma,0.6129380464553833
1f9a597c-3fcf-4cfc-a850-a88c2fb18091,"lacak pengantan muter2 mulu, chat cs sama muter2 terus ga bisa dibuka",0,Saya Bisa Kenapa,0.7237313985824585,7,Chat Bayar Dokter,0.6952599287033081,6,Apotik Kasihan Di,0.6500476002693176
d01b9b9a-aa6e-44d2-8015-940ab838e008,"bgus apk nya. tapi mau tanya driver driver yang dulu di kemanain ya . bagusan dulu pengirimanya . driver nya sopan semua , mau brangkat maupun sampai selalu dikasih info sama drivernya . sekarang !!!",12,Driver Pengiriman Jam,0.8072075843811035,6,Apotik Kasihan Di,0.7512152791023254,0,Saya Bisa Kenapa,0.7434146404266357
7671e225-1eb9-4cfe-aecf-5790b948a89d,terlalu banyak pembaruan,2,Bagus Lumayan Berguna,0.7459017038345337,10,Kuponnya Of Waste,0.5787262916564941,11,Membantu Sangat Baik,0.5634362697601318
07ce3aaa-e1bc-4064-ab54-095b4fed1efa,"tolong halo doc lain kali kalo milih apotik yg dekat2 rumah, kan ada apotek k24, kimia farma dll.. jangan jauh2 kasian drivernya",6,Apotik Kasihan Di,0.8342123031616211,12,Driver Pengiriman Jam,0.7349441647529602,8,Yang Bisa Apotek,0.733900785446167
1c13c501-e138-49a0-8955-fae61e101ae4,ada bug penentuan lokasi yang gak akurat,14,Mohon Lokasi Akurat,0.6677069664001465,13,Ongkir Mahal Cuma,0.6069856882095337,9,Alamat Maps Sesuai,0.5891774296760559
31cdfb51-53a3-419d-b3ed-665fc0305449,waktu konsultasi dengan dokter hewannya terlalu sebentar hanya 30 menit. untuk foto ini itu butuh waktu. belum selesai eh sdh berakhir otomatis..,3,Berakhir Belum Konsultasi,0.806454062461853,1,Dokter Saya Yang,0.7372326850891113,7,Chat Bayar Dokter,0.6913819909095764
9ec8463a-0ddb-4e13-aa43-1bb36d33a4f1,"Kenapa sih resepnya ngk bisa di unduh?... kenapa kesannya seperti maksa nebus di apk, tapi jatoh nya mahal di ongkir, pengiriman ngk dari satu apotik. memberatkan, apalagi kalau obat yg di tebus ngk mudah...jadi tambah mahal karena ongkir dll",13,Ongkir Mahal Cuma,0.7827320694923401,6,Apotik Kasihan Di,0.8155114650726318,12,Driver Pengiriman Jam,0.8119182586669922
53e74c64-1425-4445-b148-a3d25c2fb62b,"mau ngeluh aja, udah pake pengiriman Instan nyari driver nya nunggu 1jam, pengiriman nya 1 jam lebih jadi bisa sampe 2jam malah 3 jam. oke gapapa pengiriman nya tapi nyari driver nya jangan lama banget dong.",12,Driver Pengiriman Jam,0.8999319076538086,8,Yang Bisa Apotek,0.7919745445251465,6,Apotik Kasihan Di,0.7649457454681396
2e957ff4-1334-4df0-a661-cb7f07a015e6,"pelayanan ok, pesen obat tp pengantarannya lama 1 jam dan cancel.. orang butuh obat dikasih nya lama.. klo ga bisa kerja sama sama pihak online mending ga usah dibuat sekalian!!",12,Driver Pengiriman Jam,0.8888112306594849,6,Apotik Kasihan Di,0.8463327884674072,1,Dokter Saya Yang,0.8177720308303833
4e42244f-04e4-4920-8285-a95daaa889f4,metode pembayaran sangat kurang,5,Pembayaran Bank Lewat,0.717965841293335,10,Kuponnya Of Waste,0.661895751953125,2,Bagus Lumayan Berguna,0.6271510124206543
968afd02-9c70-4dca-a6dd-1058909d063a,sangat membantu,11,Membantu Sangat Baik,0.9515167474746704,2,Bagus Lumayan Berguna,0.7607229948043823,14,Mohon Lokasi Akurat,0.6047854423522949
9e58c011-b1c0-40f4-bda6-603ba4863088,ga ada diskon nya... payah,10,Kuponnya Of Waste,0.8265162110328674,13,Ongkir Mahal Cuma,0.6392344236373901,2,Bagus Lumayan Berguna,0.6225219964981079
dde50114-24e9-4a9c-94be-742562bf9f19,lumayan,2,Bagus Lumayan Berguna,0.9068456888198853,11,Membantu Sangat Baik,0.7379388809204102,10,Kuponnya Of Waste,0.6241142749786377
1ec3331d-ee9c-4f33-8205-c339940eb64e,saya dapat resep yg bagus untuk kulit tapi sulit sekali order ulang. slowrespon,2,Bagus Lumayan Berguna,0.4544096291065216,13,Ongkir Mahal Cuma,0.6869741082191467,8,Yang Bisa Apotek,0.6840368509292603
dc4db09e-5d53-4301-939f-1b5b00b99f90,"Untuk dokter cukup membantu, tapi untuk pelayan halodoc kurang. Saya sudah laporan driver salah alamat sudah menunggu 3hari belum ada solusi, padahal saya butuh sekali obat mau beli lagi tapi serasa buang uang. Tolong tingkatkan pelayan saat laporan.",9,Alamat Maps Sesuai,0.7978075742721558,1,Dokter Saya Yang,0.8343647122383118,7,Chat Bayar Dokter,0.8164515495300293
23b026da-c4bc-4e70-97af-5bb9a43b4a26,"Aplikasi ini sangat membantu terlebih ingin konsul ke dokter tetapi dengan harga merakyat. Hanya saja pemesanan paket haloskin ini titik google mapnya kurang akurat. jdi sya terpaksa ngasih titik ke rmh org lain yg satu jalan dgn rumah saya. jujur Takut banget paketnya tb2 dibuka org lain. pdhl yg mesan saya, bukan dia. tolong halo doc perbaiki ya titiknya syg banget bayar mahal2 haloskin masak org lain yg make 😭",6,Apotik Kasihan Di,0.8528633117675781,8,Yang Bisa Apotek,0.8609321117401123,1,Dokter Saya Yang,0.8460811376571655
235c1c17-f6d0-442a-bc6a-88ff88d6c769,"kualitas chat dgn dokter tidak bisa maksimal krn nge-lag parah, harus keluar dr chat trus kembali lagi agar ter-refresh.",7,Chat Bayar Dokter,0.7554155588150024,3,Berakhir Belum Konsultasi,0.7215732336044312,0,Saya Bisa Kenapa,0.7190987467765808
574ae1a8-ed7c-41aa-af69-cd5c51f00fab,chat online dengan dokter tidak ada yang gratis semua bayar,7,Chat Bayar Dokter,0.7437798380851746,1,Dokter Saya Yang,0.7108640670776367,13,Ongkir Mahal Cuma,0.6913938522338867
bcf43314-0083-47ce-8841-0847db9affd0,"malesss bggtttt sering gagal dalam pembayaran, saldo cukup. Malah repot2 harus pakai Ewallet lainnya, ya adanya saldo di Dana, ga bisa d Dana harus coba lainnya, ya maksudnya kenapa ga bisa lebih baik",0,Saya Bisa Kenapa,0.8134540319442749,8,Yang Bisa Apotek,0.760849118232727,7,Chat Bayar Dokter,0.749241292476654
2e7be8ff-3cd4-416a-8b68-4850ba65b90d,aplikasinya sudah bagus. tapi saran kalo beli obat smsnya langsung di apknya seperti aplikasi transport lain karena hampir tidak ada orang indonesia yang baca sms,2,Bagus Lumayan Berguna,0.471855103969574,12,Driver Pengiriman Jam,0.7727665901184082,8,Yang Bisa Apotek,0.7694172859191895
852e6163-75cb-423e-a6ac-7b3432aef7f3,sesi chat terlalu cepat berakhir,3,Berakhir Belum Konsultasi,0.6723017692565918,4,Ramah Pasien Dokternya,0.5724878907203674,10,Kuponnya Of Waste,0.5605418086051941
9073c454-9d4c-4a8b-92d6-d808a930fe00,"tolong adain pembayaran lewat virtual account atau bank dong, jujur kesulitan banget sama metode pembayarannya",5,Pembayaran Bank Lewat,0.8075623512268066,0,Saya Bisa Kenapa,0.6797128915786743,13,Ongkir Mahal Cuma,0.666917085647583
c938f1be-8944-41f0-90ea-4ef1ef28f90c,dokternya kurang ramah ihh😞😔,4,Ramah Pasien Dokternya,0.8485766053199768,3,Berakhir Belum Konsultasi,0.6258324384689331,6,Apotik Kasihan Di,0.6077491044998169
f32cfdce-5af6-4a42-b19c-fbf4738a7d6e,bagus,2,Bagus Lumayan Berguna,0.9171118140220642,11,Membantu Sangat Baik,0.7966100573539734,10,Kuponnya Of Waste,0.575034499168396
ccdb7e6e-d0d1-4027-8dfd-8be787daf5bc,tidak bisa ngirim di luar pulau jawa,13,Ongkir Mahal Cuma,0.6686251163482666,14,Mohon Lokasi Akurat,0.5889877080917358,5,Pembayaran Bank Lewat,0.561337947845459
67d65962-0865-4d88-9eaf-b31b1bfec4bf,"konsultasinya kurang puas waktu sdh berakhir... jawabnya lama,, pdhl blm selesai tp sdh berakhir",3,Berakhir Belum Konsultasi,0.8338901996612549,7,Chat Bayar Dokter,0.7363029718399048,1,Dokter Saya Yang,0.730721116065979
4c4d9e26-5003-4ede-9e15-e51623ebd4e9,"aplikasi oke,cuman yang jadi masalah,kenapa harus berbayar,gua cuma mau Konsul harus bayar 60 rb sebener nya si sah sah aja,tapi tolong lah beri kita kesempatan untuk konsul secara geratis",1,Dokter Saya Yang,0.7920659780502319,8,Yang Bisa Apotek,0.7493748068809509,12,Driver Pengiriman Jam,0.72575443983078
40cbf119-41c5-4b5c-812d-a247e735f7fb,untuk pengiriman obat gimana sih min di apk perkiraan jam 04.35 giliran nanya yg driver nya bilang nya ga diambil gimana si,12,Driver Pengiriman Jam,0.8234988451004028,9,Alamat Maps Sesuai,0.7857065200805664,0,Saya Bisa Kenapa,0.7836626768112183
8bf33973-26a5-4986-be2a-42ab61b27461,tambahkan isi saldo lewat tf bank,5,Pembayaran Bank Lewat,0.7248760461807251,13,Ongkir Mahal Cuma,0.5432061553001404,10,Kuponnya Of Waste,0.5311721563339233
4ced4267-ec2b-4ab2-82ee-6fc73de7abb4,lumayan,2,Bagus Lumayan Berguna,0.9068456888198853,11,Membantu Sangat Baik,0.7379388809204102,10,Kuponnya Of Waste,0.6241142749786377
8294112b-e68f-419b-bdc0-935e300f8fc0,bukanya lama,2,Bagus Lumayan Berguna,0.6830428838729858,10,Kuponnya Of Waste,0.6069915890693665,11,Membantu Sangat Baik,0.5234971046447754
c3b6180c-d9ca-4b69-afa5-dc4f5e740883,"Kurang komunikatif dokternya, harus kita yg super aktif dlm berkomunikasi",4,Ramah Pasien Dokternya,0.7749334573745728,3,Berakhir Belum Konsultasi,0.6559197902679443,1,Dokter Saya Yang,0.6156689524650574
9dddcba7-7fbe-407d-b13d-34779be67613,Mohon lokasi nya lebih akurat lagi,14,Mohon Lokasi Akurat,0.8171068429946899,8,Yang Bisa Apotek,0.6134148240089417,9,Alamat Maps Sesuai,0.6052563786506653
cb622a22-1dee-426c-b20f-a1536fd0d565,good banget,11,Membantu Sangat Baik,0.8688489198684692,2,Bagus Lumayan Berguna,0.7478829026222229,10,Kuponnya Of Waste,0.5619017481803894
079ba8f0-aafb-4ee9-b844-1dbb2bc9d720,"beberapa kali dokternya sibuk,jd hrs nunggu 2menit dan gagal konsultasi.selebihnya lumayan oke",3,Berakhir Belum Konsultasi,0.8468743562698364,1,Dokter Saya Yang,0.7946518659591675,4,Ramah Pasien Dokternya,0.7931978702545166
fe742e6e-af54-4cb0-9fce-12166a78803d,"Halodoc tolong diperbaiki agar toko bs menjangkau ke mana saja sampe pedalaman spt rumah saya, krn sy mau tebus obat lgsng dr apk halodoc itu susah tidak sampai jangkauan nya. Trims",8,Yang Bisa Apotek,0.844200074672699,6,Apotik Kasihan Di,0.7816846370697021,1,Dokter Saya Yang,0.7589704990386963
a56809d7-804c-4ae2-882b-37a58b0612b2,"dokter nya mungkin lagi sibuk jadi agak cuek ,jawab skedar nya ,",4,Ramah Pasien Dokternya,0.8397570848464966,3,Berakhir Belum Konsultasi,0.7358424663543701,1,Dokter Saya Yang,0.7195301055908203
3c5305a7-d7bf-406d-8e9d-d7ab76a86fda,"1. senang akhirnya biar ditempat terpencilpun masih bisa pesan obat 2. kecewa krn obat yg di pesan lama terkonfirmasi shingga pengiriman jadi lebih lama. (utk daerah terpencil tdk ada pilihan pengiriman instan dr aplikasi ini, yg ada reglr sja). sehingga penangqn penyakit jd lambat. bgmn dengan org yg btuh pertologan cepat?",8,Yang Bisa Apotek,0.8993856906890869,12,Driver Pengiriman Jam,0.8412039875984192,1,Dokter Saya Yang,0.840917706489563
a7e7e638-8823-427b-9721-77ee5af06c5d,"min tolong saya jangan di persulit dong, di minta masukin nomor telfon, gantian dah saya masukin malah kode nya eror, pdhl nomor yg saya masukkan bener. ini saya harus gimana? soalnya saya bener2 butuh buat nyari obat buat adek saya yg sakit. balas minn balas pliss",0,Saya Bisa Kenapa,0.7489630579948425,9,Alamat Maps Sesuai,0.7359710335731506,8,Yang Bisa Apotek,0.7329098582267761
baeb8ed2-5635-4fc0-90e1-1d4dee1155b1,"mungkin bisa ditingkatkan untuk pembayaran biar lebih gampang digunakan appnya, seperti contoh bisa transfer bank..",5,Pembayaran Bank Lewat,0.8488720059394836,8,Yang Bisa Apotek,0.7171045541763306,12,Driver Pengiriman Jam,0.6839977502822876
2484b400-eb4c-44d9-828e-eeed0df9a2b7,"darurat kecelakaan mau bayar malah suruh konsul ke dokter dulu. darurat. pembayaran di bank2 itu aja. dihubungkan ke shopeepay gak bisa2 eror, ini aplikasi kesehatan lo.",7,Chat Bayar Dokter,0.8090978264808655,6,Apotik Kasihan Di,0.7713621854782104,12,Driver Pengiriman Jam,0.7642096281051636
3398eee8-df8b-4e85-9742-17925048cf3f,"transaksi pesan obaf sy dibatalkan, tidak ada tombol utk pesan ulang. gmn ini? sy ga dpt obat",7,Chat Bayar Dokter,0.7391341924667358,0,Saya Bisa Kenapa,0.7314502000808716,14,Mohon Lokasi Akurat,0.6888234615325928
49c292ad-b7c6-40ec-8788-25bbf8cc8fcf,"sering eror lokasi, saya di tangerang posisi bisa pesan di Bandung",14,Mohon Lokasi Akurat,0.7439165115356445,13,Ongkir Mahal Cuma,0.7028558254241943,6,Apotik Kasihan Di,0.6870144009590149
bc2909c1-b6d8-4839-be47-6e5197e0340c,"baiknya ada penambahan metode pembayaran, spt virtual account",5,Pembayaran Bank Lewat,0.8373391628265381,13,Ongkir Mahal Cuma,0.6213068962097168,10,Kuponnya Of Waste,0.5975469350814819
8942bf01-aa2c-4ca8-8757-06b33f936ab6,"saya berharap layanan aplikasi ini dapat membantu TKI yang di Malaysia juga. sebab dalam pendaftaran akun baru tiada pilihan untuk nomor Malaysia (+60), jadi saya juga kesulitan untuk itu. Sebagai TKi tentu menggunakan produk dalam negeri di manapun dan kapanpun akan sangat membantu kami. Terlebih yang bisa dijamin keamanannya oleh negara.",8,Yang Bisa Apotek,0.7479535341262817,9,Alamat Maps Sesuai,0.6336520910263062,1,Dokter Saya Yang,0.6294374465942383
22026963-0ff1-4a5a-ab01-6b3bc7ab60d3,"pengalaman yg kurang mengenakkan.. mitra drivernya yg berganti2 ternyata tutup apotek nya.. pas di check order sdh terkonfirmasi jadi tidak bisa di batalkan.. suruh hubungi cs nya, malah di puter2 & prosedur agak ribet namun setelah di konfirmasi by phone langsung cepat tanggap. saran&masukan : kalo bisa diperbaharui lagi sistem aplikasi nya agar terus update utamanya seputar pengiriman produk/obat nya, apabila terjadi kendala pilihan cancel mdh agar tidak berdampak ke customer terimakasih",8,Yang Bisa Apotek,0.8640340566635132,1,Dokter Saya Yang,0.8366671204566956,7,Chat Bayar Dokter,0.8182741403579712
33a14ef5-52fc-4d6d-a250-160809d501d7,"bintang tiga dulu,soalnya ketika chat sama dokter dan perlu foto hasil pemeriksaan dan meng Upload nya batasan Filenya terlalu kecil sehingga file atau foto pecah sehingga dokter tidak bisa membaca file atau video yang kita konsultasikan ke dokter",3,Berakhir Belum Konsultasi,0.7412288188934326,1,Dokter Saya Yang,0.7887834310531616,7,Chat Bayar Dokter,0.7588768005371094
d0bd48d8-3be4-492b-9d35-e14b9d43736c,"Sangat membantu sekali bagi kami yang masih awam terhadap penyakit dan obat2an, ada kekurangannya yaitu apotik yang bekerjasama sering tidak memiliki obat yang diresepkan dokter terimakasih,semoga memberikan manfaat ke orang banyak",1,Dokter Saya Yang,0.7877616882324219,8,Yang Bisa Apotek,0.7645878195762634,14,Mohon Lokasi Akurat,0.7099645137786865
ddea3b7b-bcc9-4c74-b170-6bba40710a80,wkt yg diberikan hanya 30 menit. jadi blm puas,3,Berakhir Belum Konsultasi,0.785266637802124,1,Dokter Saya Yang,0.6270897388458252,12,Driver Pengiriman Jam,0.6099825501441956
563825b1-943c-48a3-a2a3-f65d34625785,"ketika membeli obat keras dilanjutkan untuk konsultasi dokter dulu, setela klik konsultasi malah dokter tidak tersedia, menunggu sudah lebih dari 1 jam,padahal urgent",1,Dokter Saya Yang,0.8088590502738953,7,Chat Bayar Dokter,0.7808233499526978,3,Berakhir Belum Konsultasi,0.7737298011779785
5dfdbb66-52cc-4c4a-8217-cbe70b395661,"Konsul ke psikiater dengan biaya 72rb. durasi 30 menit. tapi jawaban yg diberikan template, ""oh begitu, oh begitu"" apakah wajar seorang psikiater kayak gitu? ga ada kejelasan saya harus ngapain, ngebales lama. boro2 plong malah emosi.",1,Dokter Saya Yang,0.8158348202705383,7,Chat Bayar Dokter,0.7458427548408508,8,Yang Bisa Apotek,0.7357642650604248
f262991f-6947-4aba-a6cd-600ca05dc2bb,baguss,2,Bagus Lumayan Berguna,0.9171118140220642,11,Membantu Sangat Baik,0.7966100573539734,10,Kuponnya Of Waste,0.575034499168396
1b7f7b8f-3327-4a73-8cc2-15df0bc2c736,"Aplikasi yg bgs dgn tujuan yg mulia. Namun, ada bbrp sistem aplikasi ini yg mngkn bisa dibenahi. Dri pengalaman sy, seperti obat yg sya beli tdk jelas tgl ED di kemasan obatnya, alangkah baiknya dari sistem bisa menyertakan tgl ed obat stlh pemesanan berhasil dibuat agr tdk ada keraguan/tlh dijamin. Lalu, tdk perlu ada pilihan pengantaran reguler estimasi 4 hari baru sampai, cust yg membeli obat artiny sdnng sakit dan butuh obat segera. Besar harapan sy halodoc bisa berkembang lebih baik. Trims.",8,Yang Bisa Apotek,0.8840312957763672,1,Dokter Saya Yang,0.8517774343490601,6,Apotik Kasihan Di,0.7765462398529053
a536b985-a9de-4d91-b4f8-a3318a129b15,"di pakai cuman buat co obat, klo buat konsul mah gak banget mending ke dokter langsung cuman di kasih jawaban basic yg semua org tau",1,Dokter Saya Yang,0.7688977122306824,6,Apotik Kasihan Di,0.7377642393112183,12,Driver Pengiriman Jam,0.7366224527359009
5c236154-89d6-459f-b3a3-9bc572c1853f,"saya gak tau apakah saya yang salah pilih dokter atau bagaimana tapi setiap konsultasi online kebetulan ketemu dokter yang menjawab ala kadarnya.. saya konsultasi karena saya butuh tapi dijawabnya sangat tidak memuaskan hanya sekedarnya tanpa penjabaran yang jelas, saya tidak tau itu yang menjawab memang dokternya atau adminnya halodoc. terimakasih",1,Dokter Saya Yang,0.8742431998252869,8,Yang Bisa Apotek,0.759697437286377,6,Apotik Kasihan Di,0.759343147277832
bd94f16d-d1d8-4fe3-8464-1a6b2aa57721,"awalnya nyaman banget pakai halodoc, waktu pengirimannya pakai sicepat. ketika di ganti dengan anteraja. sudah lebih 7 hari obatnya gak nyampe. yang harusnya estimasi nyanpenya hanya 3 hari kemudian.",0,Saya Bisa Kenapa,0.7440053224563599,12,Driver Pengiriman Jam,0.8113037347793579,7,Chat Bayar Dokter,0.7908391952514648
b9468e71-217b-4a9c-9db5-77d5583f4022,beberapa obat ada yg ga tersedia di apotek,1,Dokter Saya Yang,0.534504771232605,13,Ongkir Mahal Cuma,0.5552424192428589,14,Mohon Lokasi Akurat,0.5219892859458923
3c819944-5fe1-41ff-8c64-821b910c2e7f,suka tp kadang ada kendala agak kecawa,3,Berakhir Belum Konsultasi,0.6247614622116089,4,Ramah Pasien Dokternya,0.5979301929473877,13,Ongkir Mahal Cuma,0.5373568534851074
3ae43af5-fc66-47eb-9940-c5e0842a392d,sanagt membantu...di saat di butuh kan,8,Yang Bisa Apotek,0.6060705780982971,13,Ongkir Mahal Cuma,0.574449896812439,4,Ramah Pasien Dokternya,0.5568267107009888
f47bf893-d12f-4318-a217-665d41fc7ee6,ko aku ga ada fitur tarik saldo sih!! padahal udah di perbaharui,0,Saya Bisa Kenapa,0.807602047920227,5,Pembayaran Bank Lewat,0.7277729511260986,7,Chat Bayar Dokter,0.7033791542053223
cea2fc3f-c799-4a21-b494-add738afd077,"dari yang saya baca riview nya, mungkin bisa ditambahkan waktunya menjadi 1 jam ?.mungkin saja, ada orang yang ingin tanya ke dokter psikiater dengan waktu lama, jadi lebih baik di tambahkan waktunya",1,Dokter Saya Yang,0.818366289138794,8,Yang Bisa Apotek,0.7705124616622925,3,Berakhir Belum Konsultasi,0.740098237991333
00905763-56d2-4be0-8c1e-105ad50c9dc9,"Sudah cukup terbantu dgn Halodoc ini, bbrp kali beli obat jg disini. Cuma hari ini baru tau, ternyata ongkir instan yg sy bayar gak full masuk ke driver. Sy tau ada potong aplikasi, cuma kok sebanyak itu. Sy gak tau ini pihak halodoc ikut memotong ongkir atau tidak. Cuma plis, kalaupun iy ikut memoton tolong PERBAIKI. Barusan obat sy diantar oleh bpk yg sdh sepuh, dapat apotek yg lumayan jauh, beliau cuma dpt 11rb. Padahal sy bayar ongkir 23rb. Kalau begini pantas kurir jarang mau ambil. Sedih..",13,Ongkir Mahal Cuma,0.7719773054122925,6,Apotik Kasihan Di,0.8332735300064087,1,Dokter Saya Yang,0.8260329961776733
6f265730-a7e0-46b0-9540-10022035e5c2,apk yang dikit2 update,0,Saya Bisa Kenapa,0.5829271674156189,5,Pembayaran Bank Lewat,0.6153550148010254,4,Ramah Pasien Dokternya,0.6114757061004639
f6f739c0-a960-456c-a5e9-b6c6c9ca15a4,"Waktunya sangat singkat, belum selesai penjelasan chat sudah berakhir",3,Berakhir Belum Konsultasi,0.7756164073944092,7,Chat Bayar Dokter,0.6131488084793091,1,Dokter Saya Yang,0.6051850318908691
8f6234c7-c0d1-455b-af51-75a8af91b286,"Saya sgt sering menggunakan halodoc utk konsultasi, tapi sudah 2x ini saya dpt pengalaman tdk enak. Saya sudah bayar 59rb, bagi saya itu tdk sedikit, tapi WAKTU 30 MENIT SAYA TIDAK CUKUP DAN PUAS krn dokter yg slowrespon. Masih ada yg ingin saya tanya, baik sakitnya atau obatnya tapi sesi sudah selesai. TOLONG JANGAN 30 MENIT SAJA, TAPI LEBIH!",1,Dokter Saya Yang,0.8928309679031372,8,Yang Bisa Apotek,0.8005746603012085,7,Chat Bayar Dokter,0.7897851467132568
7778de44-f750-44eb-b108-bd937074a226,"Saya mau log in susah sekali, terdapat keterangan ""Pengiriman kode OTP gagal"" . Mau menghubungi email pun tidak di cantumkan harus kirim email kemana",0,Saya Bisa Kenapa,0.8154952526092529,9,Alamat Maps Sesuai,0.8019775748252869,8,Yang Bisa Apotek,0.7599830031394958
c0db55f6-edbd-46e1-8683-c6ee7a855a55,"CS nya cuma di jawab dengan sistem Mau bertanya pertanyaan lain tidak bisa,kemudian tdk ada hard copy nya sebagai bukti telah melakukan pembayaran biaya dokter dan hard copy resep obat.WA hanya bisa home care saja tdk bisa bertanya ke lain, padahal jaman sekarang knykan org jarang lg telp mengunakan telp biasa yg ada telp biasa. Mungkin perlu di perbaiki kembali agar masyarakat juga lebih enak mengunakan aplikasi halodoc trimah kasih",8,Yang Bisa Apotek,0.8563215732574463,1,Dokter Saya Yang,0.8475432395935059,7,Chat Bayar Dokter,0.7902634143829346
551c9bf3-7ea0-48b5-933f-e99db8e7ae23,kak ini knp ya padahal saya kemarin udah konsultasi dokter dan udah payment trs udah dikasih resep juga tp beberapa hari saya buka aplikasinya itu lagi kok gabisa masuk kenapa ya trs bagaimana ini? saya belum sempet beli obat dan ss obatnya loh,1,Dokter Saya Yang,0.774232029914856,0,Saya Bisa Kenapa,0.7886688709259033,7,Chat Bayar Dokter,0.7755532264709473
80f45c14-a7ce-496a-baee-599631aeb70d,2 hari ini kok tidak bisa login ? kenapa aplikasinya,0,Saya Bisa Kenapa,0.8256583213806152,7,Chat Bayar Dokter,0.660460352897644,14,Mohon Lokasi Akurat,0.6517339944839478
1a1dbca1-486d-4ea2-9275-1c77706bb549,"Ko saya download ni aplikasi terus masuk koh engga bisa, apa ada gangguan. Dah masukin nomor dan pengiriman kode OTP gagal",0,Saya Bisa Kenapa,0.8722043037414551,9,Alamat Maps Sesuai,0.7480939626693726,7,Chat Bayar Dokter,0.7352293729782104
ee4bdfef-280c-4e8b-a3cb-0dea137027b0,"Kalau buka 24 jam tambah 1 bintang lg, dan tambah 1 bintang lagi kl ongkirnya bisa lbh murah.",12,Driver Pengiriman Jam,0.7581546306610107,13,Ongkir Mahal Cuma,0.7001850605010986,6,Apotik Kasihan Di,0.6809583902359009
591e9a50-577f-4569-a148-f02ac4316dc6,"saya coba instal karena mau nyoba konsultasi masalah kulit saya, tapi pas udah berhasil masuk kok gabisa di klik ya opsi² nya seperti chat dokter dll., hampir semua opsi nya gabisa di klik padahal udah instal ulang dan update juga tetap saja begitu, padahal sinyalnya juga bagus kok. itu kenapa yaa",0,Saya Bisa Kenapa,0.8750433921813965,1,Dokter Saya Yang,0.8123334646224976,7,Chat Bayar Dokter,0.8070154190063477
61a4448d-590c-4c0b-ab4e-1c0f1a3298ea,Barang bnyak kosong,10,Kuponnya Of Waste,0.8012538552284241,2,Bagus Lumayan Berguna,0.6980806589126587,13,Ongkir Mahal Cuma,0.6186416745185852
d6295f11-9e22-4d66-b207-d12dc2d9a73c,"Alamat ditentukan dari map, padahal maps nya tidak akurat, konsultasi kurang jelas, tidak ada penjelasan mengenai penyakit",9,Alamat Maps Sesuai,0.840672492980957,6,Apotik Kasihan Di,0.6903558969497681,8,Yang Bisa Apotek,0.6876087188720703
63bea880-8abe-4b5c-99c4-2ab2ec4ae552,"Apk bagus,tapi saya belum sempat khonsultasi udah di akhiri aja sama dokternya mana slowrespon.",3,Berakhir Belum Konsultasi,0.8117659091949463,1,Dokter Saya Yang,0.8131170272827148,7,Chat Bayar Dokter,0.8110821843147278
99bcee9a-0c23-485b-81d5-9f12598de142,setiap mesan oobat selalu dibatalkan,7,Chat Bayar Dokter,0.5545507669448853,10,Kuponnya Of Waste,0.5874658226966858,3,Berakhir Belum Konsultasi,0.5502357482910156
c61909c3-e61c-494b-95c0-2fea1b098528,bagus,2,Bagus Lumayan Berguna,0.9171118140220642,11,Membantu Sangat Baik,0.7966100573539734,10,Kuponnya Of Waste,0.575034499168396
158b8c7b-7bf1-4dba-8a6f-03d42f5416d2,"Bintang 3 aja,masa baru kemarin tgl 17 Januari diperbarui dh suruh perbarui lg... Tolong dong bikin ngg nyaman aja",7,Chat Bayar Dokter,0.6826689839363098,0,Saya Bisa Kenapa,0.6904433965682983,6,Apotik Kasihan Di,0.6791949272155762
b5bff013-0561-441e-9638-0510e672e58c,Apotik yg kerjasama dengan halo doc masih sediit,6,Apotik Kasihan Di,0.6474887728691101,13,Ongkir Mahal Cuma,0.6279299259185791,4,Ramah Pasien Dokternya,0.6177810430526733
b146b72c-6bc6-4e61-b7b3-40fe567df0fc,semenjak kolab sama kemenkes harga konsulnya naik :(,7,Chat Bayar Dokter,0.638946533203125,4,Ramah Pasien Dokternya,0.6323291659355164,13,Ongkir Mahal Cuma,0.6159166693687439
fdafe2df-5b49-4112-b906-f8fabcf2f053,Kok pilihan pengiriman nya cuma reguler tidak ada yang instan?,8,Yang Bisa Apotek,0.7275406122207642,13,Ongkir Mahal Cuma,0.7980663180351257,12,Driver Pengiriman Jam,0.7666069269180298
4add125c-95ae-4ece-89b6-4def05083397,"ini saya udah bayar sesuai harga min, tp dokter nya sibuk jd ga bisa di chat, saya batalkan uang nya gak kembali yaaaah 😩",7,Chat Bayar Dokter,0.8934375643730164,1,Dokter Saya Yang,0.8243640661239624,8,Yang Bisa Apotek,0.8084872961044312
9cd3590a-d3e4-4a29-8b72-997bc5281184,Bintang 3 dulu ya Soalnya ini baru pertama kali,4,Ramah Pasien Dokternya,0.6419466733932495,6,Apotik Kasihan Di,0.5488767623901367,3,Berakhir Belum Konsultasi,0.536730945110321
caf291db-106e-40cb-a3a1-65f3f681b872,"Saya cukup kecewa karena dokter slow respon sedangakan waktu yang diberikan terbatas, jika seandainya dokter tidak bisa sepenuh nya memberikan waktu untuk berkonsultasi sebaiknya tidak usah menerima layanan. Dari hasil konsultasi tetakhir, banyak pertanyaan yang belum terjawab namun waktu konsultasi sudah berakhir secara otomatis karena dokter yang slow respon. Dengan biaya yang sudah dikeluarkan, saya cukup kecewa dengan pelayanan yang diberikan. Semoga bisa jadi bahan perbaikan kdepannya.",1,Dokter Saya Yang,0.842680037021637,8,Yang Bisa Apotek,0.7775987386703491,3,Berakhir Belum Konsultasi,0.7763850688934326
a54fd6d6-90ef-4e8b-a3f2-601b783b0404,Apk nya sering error apa gmn ya?,0,Saya Bisa Kenapa,0.8073623180389404,14,Mohon Lokasi Akurat,0.7445441484451294,7,Chat Bayar Dokter,0.6445739269256592
28c64d5e-bebb-4419-841e-06d79a19e2e6,"Aplikasinya suka berhenti tiba tiba, setiap mau konsul pasti aplikasi langsung keluar lagi dan begitu seterusnya",0,Saya Bisa Kenapa,0.7859574556350708,7,Chat Bayar Dokter,0.7446219325065613,3,Berakhir Belum Konsultasi,0.7129902243614197
d45330c5-622b-425d-9f86-ae4a289b1262,Halodoc nya error gak bisa masuk atau daftar,0,Saya Bisa Kenapa,0.8103781342506409,7,Chat Bayar Dokter,0.7048975229263306,9,Alamat Maps Sesuai,0.6535391807556152
ad2ec200-3d2f-41d0-b8bb-16efba30a3bb,"saya gatau mau konfirmasi ke siapa lagi karena udah nyari di apk gaada cs nya plis halodoc kamu apk yg berpotensi besar but, kenapa harus sejauh itu buat nyari apotik terdekat? apakah karena gaada mitra? dan untuk pengirimannya tolong diperbaiki lagi saya sudah seminggu paket ga terkirim terkahir ada di hub terusss ga jalan jalannn tolonggg itu obatttt saya beli di kamu juga lumayan harganya tolong ganti ekspedisiiiiii dan perbaiki cs nya. makasih",6,Apotik Kasihan Di,0.8560150861740112,8,Yang Bisa Apotek,0.8245670795440674,12,Driver Pengiriman Jam,0.814467191696167
12ca0bf6-b1c8-4818-aae0-8a10d51faa7b,Bagimna cara bayar d halodoc,0,Saya Bisa Kenapa,0.5355412364006042,5,Pembayaran Bank Lewat,0.6019947528839111,13,Ongkir Mahal Cuma,0.5647343397140503
90337e67-c2cf-440d-ac6e-cc9250c20f38,Sangat membantu,11,Membantu Sangat Baik,0.9515167474746704,2,Bagus Lumayan Berguna,0.7607229948043823,14,Mohon Lokasi Akurat,0.6047854423522949
14e13d57-a00d-4931-b3ad-2fdc9f20f5bc,"Kurang puas, mhn maaf apk nya saya hapus.",14,Mohon Lokasi Akurat,0.7995703220367432,0,Saya Bisa Kenapa,0.647701621055603,8,Yang Bisa Apotek,0.621324896812439
67f0573c-09e0-4311-bf46-e22c2501d919,Sangat membantu.tapi masa pesen alamat di depok ya harusnya cari apotik di depok.masa apotiknya di jakarta deket kantor.kasian ojolnya masa instan 22rb ( dr jakarta ke depok ) eh taunya cuma 11rb di aplikasi abangnya...akhirnya abangnya anter ke kantor.coba klo yg urgent butuh obatnya lan kasian.semoga ke depannya bisa di perbaiki,6,Apotik Kasihan Di,0.8800944089889526,12,Driver Pengiriman Jam,0.808425784111023,8,Yang Bisa Apotek,0.7837433218955994
0fe41fab-4937-4fc3-bbc2-592ad40a66af,Aplikasi stuck tidak bisa beroperasi berulang kali keluar masuk keluar masuk terus tolong dibantu masalah ini,0,Saya Bisa Kenapa,0.7901453971862793,14,Mohon Lokasi Akurat,0.6758441925048828,9,Alamat Maps Sesuai,0.6466507911682129
01500c14-385c-4fec-92e1-f80f26554426,"Tolong diubah input alamat pengiriman bisa manual, masukkan melalui peta udah dipaskan sesuai titik detil alamat berubah kurir jadi bingung.",9,Alamat Maps Sesuai,0.8289272785186768,8,Yang Bisa Apotek,0.7212094068527222,13,Ongkir Mahal Cuma,0.7200290560722351
e4a82400-4b56-4d3f-8d98-fa5c4d17423a,Sudah bayar dokter tidak bisa di hubungi. Namun respon baik dana kembali dan kembali memilih dokter lain,7,Chat Bayar Dokter,0.7817015647888184,1,Dokter Saya Yang,0.7104523181915283,8,Yang Bisa Apotek,0.6876165866851807
26aef271-1bc1-46e1-9842-a43741cd48ab,Ok,2,Bagus Lumayan Berguna,0.8598479628562927,11,Membantu Sangat Baik,0.7340353727340698,10,Kuponnya Of Waste,0.5170083045959473
7bd674c3-b612-4e87-9639-be3bbdac37e3,"Lambat banget dokter balesin keluhan pasien, keburu mati duluan",4,Ramah Pasien Dokternya,0.8129454851150513,3,Berakhir Belum Konsultasi,0.7291077375411987,7,Chat Bayar Dokter,0.7045610547065735
2fb2af0c-5ffe-47a1-b57e-3e2fdd3fbe67,"tolong perbaiki masalah GPS, oh ya kenapa gak ada masukin alamat secara manual? alamat pake GPS ngaco google mapsnya, misal rumah aku di jalan A sesuai KTP tp di map halodoc nama jalannya B.",9,Alamat Maps Sesuai,0.8617051243782043,6,Apotik Kasihan Di,0.7265822887420654,0,Saya Bisa Kenapa,0.7217065095901489
01bb4ac4-116a-4809-82b9-d7ebaa6c35be,Kecewaaa.. Ingin chat dgn dokter dan sudah pembayaran malah dibatalkan.. . Dana jg blm kembali,7,Chat Bayar Dokter,0.8692021369934082,0,Saya Bisa Kenapa,0.7541354894638062,1,Dokter Saya Yang,0.7455590963363647
d5da57e7-0c0a-4aa3-8938-07590c4fe980,"tolong dong buat dokter"" halodok terutama psikolog dan psikiater kalau misal konsul kita tuh jawab yang bener satu jam konsul gak ada jawaban yang bagus sama.sekali itu juga cuma beberapa kali jawab doang dokternya ,padahal udah bayar gak gratis , gak lagi"" deh download halodok , dokternya aja gak bisa kerja bener",1,Dokter Saya Yang,0.8676860928535461,7,Chat Bayar Dokter,0.7986823320388794,6,Apotik Kasihan Di,0.7974706888198853
f6a88ba0-2fdc-4921-966e-8583c93670fb,Top top markotop cuman obat nya rada mahal ya bund,4,Ramah Pasien Dokternya,0.7390241622924805,6,Apotik Kasihan Di,0.6264467239379883,13,Ongkir Mahal Cuma,0.6072791814804077
16a5848f-b41a-4398-9a28-3ab88ead2c12,Yang konsultasi pertama belum konsul dan tau' selesai tidak di refund,3,Berakhir Belum Konsultasi,0.7728395462036133,7,Chat Bayar Dokter,0.7772353887557983,0,Saya Bisa Kenapa,0.6959569454193115
9bce2062-4ef9-4739-bc6a-52ab8c10a48e,Sangat membantu. Terimakasih,11,Membantu Sangat Baik,0.8630937337875366,14,Mohon Lokasi Akurat,0.6822190284729004,2,Bagus Lumayan Berguna,0.6062898635864258
6efd371f-940a-4b44-b5a9-b572980e926d,harmonisasi warna kurang enak dipandang,1,Dokter Saya Yang,0.40040233731269836,10,Kuponnya Of Waste,0.4882425367832184,2,Bagus Lumayan Berguna,0.4839823246002197
ebdb83b1-a636-4de7-8a88-ec79199fd3ee,Cukup membantu...untuk pembayaran pengiriman tolong di sediakan bayar cash on delivery,13,Ongkir Mahal Cuma,0.8168413639068604,5,Pembayaran Bank Lewat,0.7510319948196411,8,Yang Bisa Apotek,0.7403146624565125
4b90cd39-fd00-4a7f-bc6d-b837a57b8d8c,Ok,2,Bagus Lumayan Berguna,0.8598479628562927,11,Membantu Sangat Baik,0.7340353727340698,10,Kuponnya Of Waste,0.5170083045959473
b6979f25-de0b-4d55-8127-4579188d036e,Apakah bertanya saja harus berbayar?? Mohon bantuannya saya pemula,14,Mohon Lokasi Akurat,0.8013916611671448,8,Yang Bisa Apotek,0.6213942766189575,1,Dokter Saya Yang,0.5945608615875244
a12a6272-6597-47b2-bf85-7fc832fbd9d6,Saya kasi rating segini dlu semisalkan jerawat saya bersih saya baliknlagi tambah bintang nya,8,Yang Bisa Apotek,0.6489737629890442,7,Chat Bayar Dokter,0.6577450633049011,6,Apotik Kasihan Di,0.6300491690635681
78fc5637-d683-4f3d-825c-1aec7501681e,"Aplikasi yang bagus, namun lebih baik pengguna dapat memilih apotek terdekat secara mandiri. Saya di karawang, ketika membuat order selalu mendapat apotek dari cikarang",8,Yang Bisa Apotek,0.7800360918045044,6,Apotik Kasihan Di,0.6878939867019653,9,Alamat Maps Sesuai,0.685352087020874
d4305396-2528-4373-aefd-80d754f39f16,Bagus,2,Bagus Lumayan Berguna,0.9171118140220642,11,Membantu Sangat Baik,0.7966100573539734,10,Kuponnya Of Waste,0.575034499168396
9c75f0e0-2df2-429f-8411-b6badf0c9390,"Asal pilih Apotik aja,,, Gak tau di apotik yg di pilih obatnya gak ada ,, dan gak pernah Update. Kasihan drivernyaa",6,Apotik Kasihan Di,0.8244189023971558,12,Driver Pengiriman Jam,0.7645571231842041,8,Yang Bisa Apotek,0.7605522871017456
4905c288-a36b-4508-8a5b-8ee72d8b572e,Ada yang responnya lambat ada yang baik juga,3,Berakhir Belum Konsultasi,0.700600266456604,4,Ramah Pasien Dokternya,0.6366289854049683,1,Dokter Saya Yang,0.5873825550079346
4379a9cd-b61a-4816-b27e-d7646e47fe73,"dokternya trllu mengulur waktu, membalas wktu sudah mendekati akhir sesi. ujung²nya jdi hrus tmbah sesi supaya bisa konsul",3,Berakhir Belum Konsultasi,0.7868198156356812,4,Ramah Pasien Dokternya,0.7195625305175781,1,Dokter Saya Yang,0.6965629458427429
d3d03bf4-a02f-4512-84b7-16e6630832c6,Saldony gk bisa ditarik,10,Kuponnya Of Waste,0.8214227557182312,5,Pembayaran Bank Lewat,0.683334231376648,13,Ongkir Mahal Cuma,0.6118385195732117
519177bc-70d8-4406-a64b-f24ab82b934e,Sistem payment nya mungkin di perbanyak. Bisa transfer dr bank apa saja.,5,Pembayaran Bank Lewat,0.8522549867630005,13,Ongkir Mahal Cuma,0.6972203254699707,12,Driver Pengiriman Jam,0.6953960657119751
177dbe5a-e15a-4653-b3e3-7fa90beb6bb6,"Pengalaman pakai jasa dokter spkk di halodoc cukup membayar 57 ribu bisa konsul dengan berbagai dokter dalam waktu 30 menit. Saya kira hampir sama resepnya dengan dokter spkk yang saya temui. Hanya saja di halodoc sedikit buru2 dan sebagian pertanyaan belum terjawab karena chat langsung menutup setelah waktu selesai. Sementara waktu juga sedikit terbuang karena dokter bertanya berulang, juga memikirkan pertanyaan yg akan ditanyakan. Untuk biaya resep dan tebus obat dihalodoc sedikit mahal.",1,Dokter Saya Yang,0.8797800540924072,8,Yang Bisa Apotek,0.7907654047012329,3,Berakhir Belum Konsultasi,0.7753524780273438
1f04d8db-62a5-4b57-aa7d-6bc906fda67a,"Hallo min,kemarin saya janjian chat dengan dokter dibatalkan dana saya belum dikembalikan,",7,Chat Bayar Dokter,0.7904061079025269,0,Saya Bisa Kenapa,0.6991740465164185,1,Dokter Saya Yang,0.6869345903396606
b8e0d808-52d5-4151-9faf-47fe3b34a28f,"Udah buat konsultasi tapi dokternya lama dan ga ada respon, untungnya walaupun selama chat ga ada respon masih ada resep yang di berikan",7,Chat Bayar Dokter,0.8601381778717041,1,Dokter Saya Yang,0.8383296728134155,3,Berakhir Belum Konsultasi,0.8063414096832275
f1d69693-eaba-421e-9a6c-6f6760a9c58f,Sebelum menggunakan obat Jangka panjang sebaiknya datang langsung konsultasi ke dokter terkait (tatap muka.),3,Berakhir Belum Konsultasi,0.6119320392608643,1,Dokter Saya Yang,0.6077336072921753,4,Ramah Pasien Dokternya,0.5537845492362976
9914b30f-8f59-4e59-9140-d1384aa04589,"mohon kepada pihak developer utk dokter yg diajak bekerja sama diminta utk profesional, saya sudah membayar biaya konsultasi sebesar Rp.100.000 dan menunggu balasan dari dokter selama 1 jam (sampai waktu konsultasi habis) tp dokter tidak memberikan pelayanan apapun, TDK ada pesan yg dibalas. saya hanya buang uang sia2 saja utk aplikasi ini. ini namanya bukan membantu menangani keluhan pasien tapi sama saja mencuri uang pasien dg tdk profesional.",1,Dokter Saya Yang,0.8583229780197144,8,Yang Bisa Apotek,0.791663408279419,7,Chat Bayar Dokter,0.7795939445495605
1ec499b1-2740-4e36-b617-50e752c9f032,"Untuk halodoc kenapa pengiriman obat harus menggunakan ekspedisi yang tidak bermutu kualitasnya seperti anteraja, padahal ekspedisi lain seperti JNT itu selalu ready, kita gapapa bayar lebih mahal asalkan barang sampai dengan cepat",12,Driver Pengiriman Jam,0.8369235992431641,8,Yang Bisa Apotek,0.7639578580856323,1,Dokter Saya Yang,0.7530643343925476
4cbb3257-9556-4d7f-aa0e-bd60f83a612a,Agak kecewa tidak ada pembayaran lewat OVO :((,5,Pembayaran Bank Lewat,0.812531590461731,13,Ongkir Mahal Cuma,0.753749430179596,10,Kuponnya Of Waste,0.7078418731689453
95189310-bbf5-4de7-b555-16f4d4dc990f,"Aplikasi ini bagus tapi kurang jelas SOPnya, chat dengan dokter dibatasi 30 menit, tapi yang saya alami, 5 menit awal dan 5 menit akhir saja dokternya online. Chat saya tidak ceklis 2 selama ± 15 menit",1,Dokter Saya Yang,0.8632088899612427,3,Berakhir Belum Konsultasi,0.8211110234260559,7,Chat Bayar Dokter,0.8119440078735352
f231c7a9-2877-40d9-b822-c391f45cc486,Baik sekali,11,Membantu Sangat Baik,0.893388032913208,2,Bagus Lumayan Berguna,0.7568959593772888,4,Ramah Pasien Dokternya,0.5242013931274414
58cb9d85-42f0-450c-ba69-e12b9d98aae7,"Cukup bagus, beberapa dokter kurang bagus dan lainnya cukup / bahkan sangat bagus",3,Berakhir Belum Konsultasi,0.6572259664535522,1,Dokter Saya Yang,0.6020504832267761,4,Ramah Pasien Dokternya,0.5880128741264343
874be57c-684b-4b33-9bfa-2da36d040de9,Kami di merauke kalau beli obat antibiotik pake resep digital tidak dikasi obat. Mohon solusinya.,14,Mohon Lokasi Akurat,0.754779577255249,6,Apotik Kasihan Di,0.7683284282684326,13,Ongkir Mahal Cuma,0.7336688041687012
1ec78683-823c-4a5e-9f88-c3b5d9214e50,Pgiriman lama udh gt ongkir mahal,13,Ongkir Mahal Cuma,0.8235476016998291,12,Driver Pengiriman Jam,0.7115199565887451,3,Berakhir Belum Konsultasi,0.6831895709037781
599079d2-5d88-4744-901a-2c8f9c0ddd29,Biaya pengiriman mahal pdhl jarak dekat,13,Ongkir Mahal Cuma,0.7951250672340393,5,Pembayaran Bank Lewat,0.6349777579307556,12,Driver Pengiriman Jam,0.6330450773239136
19e1db8a-4397-455b-af9b-0a1748cf70df,"Aplikasinya kenapa sering eror yah..udah buat janji, terus bayar tbtb diaplikasi selesai. Terus tbtb dibatalkan. Padahal aplikasi nya udah update",0,Saya Bisa Kenapa,0.8618736267089844,7,Chat Bayar Dokter,0.7888204455375671,12,Driver Pengiriman Jam,0.7306597828865051
72c326a6-0975-4619-8a1e-431e0d5225d9,"Membantu sebenernya. Cuman diagnosis dokternya terlalu terburu-buru tanpa ada analisia atau pertanyaan lebih mendetil. Padahal penyakit saya bukan itu. Langsung menyimpulkan hanya gara2 melihat usia saja. Bukan berdasarkan rekam medis (seperti yang dilakukan pihak kompetitor mereka Al*dokter) Fatalnya adalah ketika memberikan resep obatnya, dosisnya terlalu tinggi untuk saya, akhirnya mendapatkan gejala baru lagi dan memengaruhi aktifitas saya 😭😭😭 mau nangis karena overdosis obatnya.",1,Dokter Saya Yang,0.8449145555496216,7,Chat Bayar Dokter,0.7506669759750366,3,Berakhir Belum Konsultasi,0.7406806349754333
0895d8c0-94af-4551-9d6d-0f1ee8307851,Sekarang kalo Konsul dokter kulit ga kaya dluu vocher gaada setiap bulan nya dan masukin vocher cuma 1 doang biasanya sampe 3 harga juga naik drastis pdhl awalnya suka bngtt,0,Saya Bisa Kenapa,0.7113494873046875,1,Dokter Saya Yang,0.7639660835266113,7,Chat Bayar Dokter,0.7496127486228943
40245a9f-99c5-4dde-ac73-7a69e0a784bb,Respon nya lama trus waktunya konsul cuma 30 menit ga puas bayar 57K tp tidak ada titik terang,3,Berakhir Belum Konsultasi,0.81486976146698,7,Chat Bayar Dokter,0.8324580192565918,1,Dokter Saya Yang,0.8025456070899963
9dc776c7-2f00-44c8-a0bb-26b4c058704d,Respon jika ada kendala tim atau apotik terkait sangat lama.,3,Berakhir Belum Konsultasi,0.6852959394454956,14,Mohon Lokasi Akurat,0.6035007238388062,4,Ramah Pasien Dokternya,0.5805968642234802
6190428d-85d9-48cb-97ad-bb75dede00e4,"Selama pengiriman pakai borzo gak pernah beres, Mendingan pakai medisend / gojek Karna borzo kita bayar mahal ke halodoc Ke borzo cuma kena 6rb jadi ngirimnya se enak dengkulnya...",12,Driver Pengiriman Jam,0.8257731199264526,6,Apotik Kasihan Di,0.7648154497146606,7,Chat Bayar Dokter,0.7378206253051758
dc60e73d-7118-4cb7-b4e2-59aea38184c4,"Kak. Coba dokternya bs terhubung ke apotek.. jd dokter gak pesen obat apa, di apoteknya ada obat apa.",6,Apotik Kasihan Di,0.8220278024673462,1,Dokter Saya Yang,0.741370677947998,7,Chat Bayar Dokter,0.7399047017097473
66c6c01e-4055-4626-89e5-79a0fb68dda9,halodoc bagus sih sangat membantu untuk perkembangan wajah saya tapi dokternya juga balasnya lama jadinya kepotong banyak waktu juga dulu harganya masih 49rban waktunya sekarang 55rb agak kecewa sih karena slowres,1,Dokter Saya Yang,0.8151597380638123,6,Apotik Kasihan Di,0.7568910121917725,12,Driver Pengiriman Jam,0.7495543360710144
ccde0de6-544d-422f-894f-dfe60764b5be,"Sangat membantu kita, tanpa harus antri di Rumah Sakit, tapi seringkali obat tidak tersedia",1,Dokter Saya Yang,0.7054160237312317,8,Yang Bisa Apotek,0.66291344165802,13,Ongkir Mahal Cuma,0.658749520778656
f2c97dde-5ccd-42a4-bf9d-a841825c1f25,Kenapa setiap saya ingin login setelah mendapat kan kode otp lgsg log out lg,0,Saya Bisa Kenapa,0.8018133640289307,7,Chat Bayar Dokter,0.6353319883346558,9,Alamat Maps Sesuai,0.6148697733879089
d4efebbe-30bc-4990-8985-7c0df47644a7,"Kenapa ya halodoc punya saya pas sudah daftar akun selalu mental, keluar aplikasi dengan sendirinya, pas saya buka lagi aplikasi saya harus daftar lagi:(, padahal saya sudah daftar akun",0,Saya Bisa Kenapa,0.8640197515487671,7,Chat Bayar Dokter,0.7251561880111694,1,Dokter Saya Yang,0.6857712864875793
75ea9c1a-0d17-457c-83e4-98d7f21cecef,beli ongkir gratis obat ini mah,13,Ongkir Mahal Cuma,0.7541180849075317,10,Kuponnya Of Waste,0.6435567140579224,4,Ramah Pasien Dokternya,0.592808723449707
d1aecc8b-b136-4913-a4dc-f89e4f2e6295,Kenapa app nya loading bgt pdhl gak ada masalah di internet dan hp nya tp appnya lemot bgtt,0,Saya Bisa Kenapa,0.8483315110206604,7,Chat Bayar Dokter,0.6724236607551575,12,Driver Pengiriman Jam,0.6650060415267944
a5cecdf3-b0e6-4625-beee-37f926327aac,bagus respon baik,11,Membantu Sangat Baik,0.8369143009185791,2,Bagus Lumayan Berguna,0.7520456910133362,4,Ramah Pasien Dokternya,0.6468021273612976
f32417ac-eb5b-4084-9cd7-3820c076e756,kenapa ya setiap saya buka halodoc hp saya jadi error selalu forced close.. mungkin hp saya yg kentang :(,0,Saya Bisa Kenapa,0.8597357869148254,7,Chat Bayar Dokter,0.709052562713623,9,Alamat Maps Sesuai,0.6787362098693848
e6ed051d-e65b-43e7-b1df-0b3df051f291,"Evaluasi halodoc: 1. Dokter yg tiba² memberi resep padahal pasien belum selesai mengetik, 2. Beberapa toko obat sudah tutup, tapi obatnya masih ada di etalase dan kurir diarahkan ke sana, 3. Pesanan tidak bisa dibatalkan oleh pembeli (merugikan pembeli dan kurir) Nilai plus: call center ramah dan cekatan",4,Ramah Pasien Dokternya,0.720486581325531,1,Dokter Saya Yang,0.7876281142234802,7,Chat Bayar Dokter,0.7583364844322205
010082cc-1289-4f57-82aa-6fb9770bceec,"Kenapa ya setiap mau membeli obat, ketika lihat keranjang selalu error?",13,Ongkir Mahal Cuma,0.7036310434341431,0,Saya Bisa Kenapa,0.7151117920875549,7,Chat Bayar Dokter,0.6737295389175415
27264096-a248-4943-8666-535fc19bffc6,Ausah sekali Loading nya. Muter muter terus. Padahal mau tes kesehatan di aplkasi ini. Lalu bagaimana? Tolong di perbaiki. Dan di beri fiture chat cs agar masalah cepat teratasi.,0,Saya Bisa Kenapa,0.8664371371269226,8,Yang Bisa Apotek,0.8078089356422424,7,Chat Bayar Dokter,0.8074245452880859
aef91c42-e0a2-4836-9b9f-5a45fee34981,saya tidak bisa update halodoc,0,Saya Bisa Kenapa,0.717360258102417,14,Mohon Lokasi Akurat,0.6818798780441284,7,Chat Bayar Dokter,0.6303087472915649
b646838f-b7bd-48b0-9d94-d8d7ed8a2f36,knp ya apotek rekanan halodoc sering ga ad obat resepan dokter..konsumen jd rugi biaya konsultasi Dan ada lg nih barusan di konfirm apotek di aplikasi obatnya tersedia ternyata sistem ga update..rugi lg biaya konsul. Knp ya untuk wilayah klaten kota rekanan apoteknya mlh k apotek2 yg dr luar klaten kota..jd sering bgtt ga lengkap..semoga kedepan bisa di review lg agar apotek rekanan lbh lengkap persediaan obat dan update sistemnya.,1,Dokter Saya Yang,0.8436301946640015,6,Apotik Kasihan Di,0.8392181396484375,8,Yang Bisa Apotek,0.8201798796653748
71687c0c-a9f3-44c2-b658-748e34183dd4,"Respon Dokter Baik, Keluhan Pasien Teratasi dari penjelasan Dokter, Akan tetapi Beberapa Resep Yang diberikan Dokter Tdk Tersedia Di lokasi Saya, padahal Saya tinggal di Kota Kendari yang memiliki Rumah sakit Jantung Terbesar di Indonesia, Jumlah Apotik Juga sangat Banyak, Tetapi Untuk Pengantaran Obat Harus menunggu Hingga 4 hari, hal ini Tentu sangat Tidak Logis Jika Orang sakit harus menunggu Obat datang Dengan Waktu yg Sangat lama, dan Beberapa Obat yg diresepkan oleh dokter adl obat umum.",1,Dokter Saya Yang,0.8116486668586731,8,Yang Bisa Apotek,0.7608311176300049,6,Apotik Kasihan Di,0.6789055466651917
ac3c82cc-6c26-4b12-a785-e7dc953a69f1,Obat saya ga sampe sampe,-1,Sampai Desell Power,0.0,13,Ongkir Mahal Cuma,0.6695868968963623,7,Chat Bayar Dokter,0.6435068845748901
e862cee8-e3df-4c46-858b-15f13f52e892,Responnya kurang cepat. Dengan waktu yang sangat singkat,3,Berakhir Belum Konsultasi,0.7596862316131592,4,Ramah Pasien Dokternya,0.6204623579978943,13,Ongkir Mahal Cuma,0.6148202419281006
a87f7ed5-c5d5-4dfe-9a06-59addfd2fe08,maaf sebelumnya di liat dokter nya online pas di chat off mana udh bayar rugi banget,7,Chat Bayar Dokter,0.8695369362831116,6,Apotik Kasihan Di,0.79090815782547,9,Alamat Maps Sesuai,0.7783653140068054
6398c6ec-e22d-4d80-859d-b9bf60c1d6e6,cocokkk,2,Bagus Lumayan Berguna,0.8786319494247437,11,Membantu Sangat Baik,0.7176154851913452,10,Kuponnya Of Waste,0.6171566247940063
75ee8a0b-ca87-41fe-8f0d-a5c251d5b67e,"Awal nya bagus, tapi setelah di peebarui malah bikin pusing fiturnya, mana kalender mestruasi nya hilang kan ga bisa cek prediksi",0,Saya Bisa Kenapa,0.8330444097518921,7,Chat Bayar Dokter,0.7793880701065063,9,Alamat Maps Sesuai,0.7653254866600037
69268e09-c394-421a-96e5-6bb5070d3c66,Beli obat dari Blok A Kby Baru dapat nya apotik di Cengkareng. parah,6,Apotik Kasihan Di,0.7544907927513123,13,Ongkir Mahal Cuma,0.6501020193099976,7,Chat Bayar Dokter,0.6427024602890015
105e4f20-ee60-4d71-9e3d-98f4021779c6,"Saya pengguna aplikasi ini cukup lama. Tapi baru² ini setelah diperbarui fitur² dalam aplikasi yg sebelumnya sangat bisa membantu saya malah hilang. Seperti kalender menstruasi dll. Padahal belum lama saya masih menggunakan fitur itu, sayang sekali karena catatan saya ada disana, tapi saat ini fiturnya tidak ada. Apa karena perangkat saya yg salah atau dari sananya. Saya harap fitur² tambahannya dapat dikembalikan lagi karena itu cukup penting untuk saya",0,Saya Bisa Kenapa,0.7772037386894226,1,Dokter Saya Yang,0.7394573092460632,8,Yang Bisa Apotek,0.7328879833221436
82e94061-fc51-41c1-842e-ae7cd3be0a59,Udah nyaman banget pake halodoc dr zaman pandemi apalagi kalender menstruasi nya sangat membantu. Eh kok barusan saya buka aplikasi tampilan berubah total! Kemana kalender menstruasi nya ya? Biasa nya ada di beranda...,0,Saya Bisa Kenapa,0.8021395206451416,7,Chat Bayar Dokter,0.7429693937301636,1,Dokter Saya Yang,0.7277987599372864
60cf8900-d5a3-4c8b-b042-1d4d679eeaeb,"Semoga kedepannya untuk apotek diarahkan ke apotek terdekat sesuai dengan titik pengantaran/alamat pemesan... sudah lewat seminggu dari perkiraan tiba, tapi pesanan belum tiba... semoga bisa menjadi bahan pertimbangan. Terima kasih",8,Yang Bisa Apotek,0.8050090074539185,6,Apotik Kasihan Di,0.7195769548416138,12,Driver Pengiriman Jam,0.7099672555923462
5ab78905-90a2-4e88-9ef7-7afd227e3842,"Voucher nya ini kenapa ya kadang2 bisa di pake kadang2 gk,di coba sekali bisa di pake voucher nya di relog malah gk bisa lagi,aneh",0,Saya Bisa Kenapa,0.8126261234283447,8,Yang Bisa Apotek,0.7370073199272156,7,Chat Bayar Dokter,0.7227026224136353
d25096bd-2bd8-47ef-8c72-5028a550cb12,"Sebaik nya d perbaiki lagi apk nya, masa saya sudah bayar dokter nya sibuk...swdang kan konsul nya d waktu ..nungguin sampe waktu konsul habis dokter nya gak ada chat ...d chat lagi mesti bayar lagi",7,Chat Bayar Dokter,0.8611196279525757,1,Dokter Saya Yang,0.822974681854248,12,Driver Pengiriman Jam,0.7963379621505737
1d2cff95-6de7-4ee4-918e-c3579a1bf040,Kuponnya ga bisa dipake,10,Kuponnya Of Waste,0.873527467250824,13,Ongkir Mahal Cuma,0.6609755754470825,5,Pembayaran Bank Lewat,0.6581323146820068
08f28b44-a66f-4d29-b317-57310223c855,WA telephone ini belum aktif mohon bantuan diaktifkan,14,Mohon Lokasi Akurat,0.7817202806472778,0,Saya Bisa Kenapa,0.6045591235160828,8,Yang Bisa Apotek,0.5980224609375
e37797a6-733b-4c42-a467-6bf600e1af11,"Saya pengguna halodoc sejak pertama kali aplikasi ini ada,tapi kenapa akhir2 ini aplikasinya lemot sekali,sering loading lama dan tau2 nge hang tidak bisa dipencet atau dipake buat ngetik,sudah saya coba install ulang tapi hasil tetap sama,selain itu akhir2 ini dokternya banyak yg curang,sudah bayar 100rb tapi konsulnya sengaja di menit2 terakhir chat berakhir,bahkan saya minta resep untuk anak 4 th,eh diberi sediaan tablet pahit semua,pas komplen malah gak dibls sampe chat selesai (berasa amal)",0,Saya Bisa Kenapa,0.8364640474319458,1,Dokter Saya Yang,0.8442466259002686,7,Chat Bayar Dokter,0.8333010673522949
0a037a85-62d6-454d-83a3-519aff270f7e,"bagus sih, tapi ada bberapa dokter yg slow respon bangett, bahkan disitu tertulis ""online"" tapi balas chat nya singkat2 banget dan pertanyaan saya ga dijawab dan kaya memperlambat waktu dan keburu habis deh sesinya, padahal saya berharap pertanyaan saya dijawab semua, tapi gpp si ga semua dokter kaya gitu, tapi stelah saya bberapa kali konsul dr yg saya temuin gitu trs😫😫",1,Dokter Saya Yang,0.8638397455215454,7,Chat Bayar Dokter,0.7901939153671265,3,Berakhir Belum Konsultasi,0.7776352167129517
caa1b64f-5a38-4f00-99d4-b9aa2eb3915d,"Membantu banget dalam keadaan urgent. Tapi kok sesi belum berakhir dokternya online tidak membalas chat lagi. Jadinya sesi masih lama, masih banyak pertanyaan, zonk gitu hehe. Pengiriman instan, ada selisih biaya gitu dari apoteknya jadi tek tokkannya tidak jelas padahal sudah bayar harus nambah biaya lagi, padahal tidak pegang cash. Thankyou",1,Dokter Saya Yang,0.871035635471344,7,Chat Bayar Dokter,0.8562964797019958,12,Driver Pengiriman Jam,0.8459653854370117
ffe90185-7fba-4e6a-9c73-c010c3e59e76,"Dokternya ramah,dan rekomend",4,Ramah Pasien Dokternya,0.7577871084213257,11,Membantu Sangat Baik,0.6419135928153992,3,Berakhir Belum Konsultasi,0.5990930795669556
310a4f37-024d-4c5f-9535-ece84ebdbc8d,"Saldo saya kepotong , tapi pembayaran gagal. Dua kali juga begitu. Dua kali transaksi gagal tapi saldo udah kepotong duluan",0,Saya Bisa Kenapa,0.7613569498062134,7,Chat Bayar Dokter,0.7175804376602173,12,Driver Pengiriman Jam,0.6587783098220825
3908216d-89fb-4f38-92b7-fc75d72959b5,Baru login malah stuck aplikasinya gabisa apa apa kaya freeze. Device yg dipake samsung A30 4/64GB.,0,Saya Bisa Kenapa,0.8100347518920898,7,Chat Bayar Dokter,0.6493145823478699,9,Alamat Maps Sesuai,0.6371126770973206
55e44784-51b0-44d2-8adf-08acddd42976,"Well disini saya gk mau menjatuhkan nama siapapun tetapi saya agak kecewa. saya melakukan peduli kesehatan mental tentang gangguan kecemasan, dan saya memilih 1 dokter dan membayar dokter tsbt dengan nominal yang sudah di tentukan, lalu saya menceritakan masalah saya, tetapi jujur jawaban si dokter, hanya berdasarkan teori2 biasa dan menyuruh saya mengakses link youtube untuk membantu permasalahan saya, dan menurut saya jika jawaban yang diberikan dapat kita temukan di internet buat apa sya byar",1,Dokter Saya Yang,0.803516149520874,8,Yang Bisa Apotek,0.7378618717193604,7,Chat Bayar Dokter,0.7020158767700195
64624ccd-6ff1-4351-bc80-bd66c8e4e20b,dapet kurirnya aga lamaa,6,Apotik Kasihan Di,0.6811867952346802,4,Ramah Pasien Dokternya,0.7009921669960022,10,Kuponnya Of Waste,0.6949915885925293
eb7738e5-6bb6-4340-a907-79b49e307e0d,Ok ada Dr yg cocok dan ada juga yg tdk cocok resep obat nya,1,Dokter Saya Yang,0.6935974359512329,8,Yang Bisa Apotek,0.6676729917526245,3,Berakhir Belum Konsultasi,0.6357319951057434
47b50b6d-e1f1-4d5b-af95-ec54471528ac,Bingung ngisi saldonya dimana. Terus juga di live chat nggak membantu sama sekali. Tolong dong untuk fitur pembayaran di banyakin. Terimakasih,0,Saya Bisa Kenapa,0.8088786602020264,8,Yang Bisa Apotek,0.7566199898719788,14,Mohon Lokasi Akurat,0.7347029447555542
91cad83d-d2d7-4f45-9a1c-f2955299077e,Pembayaran nya sih kurang lengkap harusnya ditambahin cod,5,Pembayaran Bank Lewat,0.8107081055641174,13,Ongkir Mahal Cuma,0.7388561964035034,12,Driver Pengiriman Jam,0.7304776906967163
550757ba-ba78-4a05-8ff3-fa53648e31a8,"Aplikasi ini berguna buat kesehatan kita,dan bagus berguna buat kita2 yg sakit,terbantu dgn ada ya apk ini",2,Bagus Lumayan Berguna,0.5085265040397644,8,Yang Bisa Apotek,0.6800593733787537,1,Dokter Saya Yang,0.6499611735343933
c18c1fd4-e1b4-47fa-b7de-72ad8f283861,Apakah aman konsultasi dengan dokter di halodoc ? Privasi terjaga?,1,Dokter Saya Yang,0.5662779211997986,7,Chat Bayar Dokter,0.5287046432495117,13,Ongkir Mahal Cuma,0.5247111916542053
12bf293e-ba9b-4920-8d1d-5c263b6ea19d,"Konsultasi cuma dikasih durasi 45 menit. Mungkin kalau dokter umum wajar ya cukup lah itu, gw di psikolog mana cukup woyy. Dan lagi ge belum selesai curhat dokter dah off padahal masih ada waktu ya Allah jawaban juga kurang memuaskan 🙏🏼🦵🏼🙂",1,Dokter Saya Yang,0.8330081105232239,3,Berakhir Belum Konsultasi,0.7549774050712585,7,Chat Bayar Dokter,0.7501376271247864
37d0b6c4-6f04-4af7-b4b3-9381154d09aa,KUPONNYA SUSAH DIPAKE.,10,Kuponnya Of Waste,0.8689209818840027,2,Bagus Lumayan Berguna,0.6760998964309692,13,Ongkir Mahal Cuma,0.6595531105995178
11403595-ea9a-4813-b93b-09de7ab02c60,"Proses bayarnya ribet banget,d applikasi bisa log in 2 akun,tapi giliran bayar ga bisa",0,Saya Bisa Kenapa,0.8216689825057983,5,Pembayaran Bank Lewat,0.756191611289978,7,Chat Bayar Dokter,0.7473209500312805
8c034715-548c-4162-82e9-b4c0efed251b,Dokternya terlalu lama bls chat durasi konsultasi hannya 30mnt dan dokternya bls 10mnt jdi gak bisa nyampaikan keluhan secara detail saya menggunakan apkk ini untuk mempermudah konsultasi malah jdi tidak dpt apa apa untuk apkk nya bagus gak ada gangguan sistem sama sekali,1,Dokter Saya Yang,0.8789734840393066,7,Chat Bayar Dokter,0.8276734948158264,8,Yang Bisa Apotek,0.8276346921920776
d8c328df-1627-4958-b2bc-917a8beb810a,Untuk order obat disini agak mengecewakan karena prosesnya lama dan dikirim dari apotek yang terlalu jauh dari domisili. Seharusnya dicarikan apotek yg terdekat.,8,Yang Bisa Apotek,0.7774204015731812,6,Apotik Kasihan Di,0.7516120672225952,12,Driver Pengiriman Jam,0.7413320541381836
96f5b926-05e7-41cf-a954-b296e984a52e,"Maps nya tidak akurat, tdk bisa refresh maps, geser maps harus 2 jari. Pergerakan driver tidak real time harus keluar app dlu, masuk lagi untuk cek posisi driver",9,Alamat Maps Sesuai,0.8035247325897217,0,Saya Bisa Kenapa,0.7366330623626709,8,Yang Bisa Apotek,0.6796849966049194
68d71dc7-a7db-4ef8-afa4-67ff9adc6aef,"Kenapa saat konsultasi,, jika resep sudah diberikan oleh dokter,, sudah ga bisa lagi dirubah? Saat klik cek harga,, baru diketahui apakah tercover asuransi atau tidaknya.. jd obat tidak bisa diganti lagi.. Mohon diperbaiki utk hal ini..",14,Mohon Lokasi Akurat,0.7425327301025391,1,Dokter Saya Yang,0.7855678200721741,7,Chat Bayar Dokter,0.7711403965950012
7cb0c08f-6c81-4b1f-9fad-1e3ce8cbd819,mantap,11,Membantu Sangat Baik,0.8586289882659912,2,Bagus Lumayan Berguna,0.824191153049469,10,Kuponnya Of Waste,0.5878481864929199
055ba3bd-dfcf-412b-9423-9a9235ebd139,"Pasang alamat nya ribett malah ga sesuai harus ngikut peta segala dri apk nya, gegara almt nya ga sesuai dri halodoc sy hrus bolak balik ngechat email halodoc buat ngasih tau alamt sy yg bener ,untung nyampe pesanan sy. penjelasan dri dokter nya si bgs...",9,Alamat Maps Sesuai,0.8531954288482666,8,Yang Bisa Apotek,0.8049606084823608,7,Chat Bayar Dokter,0.8038253784179688
0f89f37e-2c20-437c-9f0e-2bc31322bc48,"Konsultasi dgn dokter terlalu cepat, belum selesai saya konsultasi malah udah berakhir otomatis. Dan itu menyebalkan",3,Berakhir Belum Konsultasi,0.8297427892684937,1,Dokter Saya Yang,0.7944570779800415,7,Chat Bayar Dokter,0.7870171666145325
38376053-6464-4ea7-8d5b-f77c427452d8,"Lewat halo doc lebih hemat, namun dr kdng terlalu lambat membalas mungkin karena banyak pasien jga jdu antri balas chat",4,Ramah Pasien Dokternya,0.7777808308601379,8,Yang Bisa Apotek,0.7374247908592224,3,Berakhir Belum Konsultasi,0.730065643787384
3911f670-44fa-432e-9e98-2c2e73af89b4,"Kasih bintang 3 dulu, karena kadang apotik nya kejauhan, plus kadang kelamaan waktu nya, kadang obat yg gak ada masih tetap terbayar kalo pake asuransi, apotik nya juga gak ad konfirm",6,Apotik Kasihan Di,0.849524736404419,1,Dokter Saya Yang,0.8141894936561584,12,Driver Pengiriman Jam,0.8091936707496643
45e14993-a7a0-4cb2-8ad7-6d05bf8487ec,"Untuk chat dengan dokter responnya lama,, sehingga waktu 1 jam hanya bisa konsultasi beberapa pertanyaan saja,, sangat kurang puas..",3,Berakhir Belum Konsultasi,0.8628641366958618,1,Dokter Saya Yang,0.831890881061554,7,Chat Bayar Dokter,0.7887308597564697
85af4902-52de-46be-88f0-0582631f21b5,"Maaf bintangnya dikurangi, udah 4 kali mau chat dokter pas udh bayar malah suruh nunggu karna dokternya sibuk, dan itu lamaaaa bgt",7,Chat Bayar Dokter,0.8347528576850891,1,Dokter Saya Yang,0.7758328914642334,6,Apotik Kasihan Di,0.7686467170715332
2b8807aa-bfad-4f56-9b48-1608d77e1f6e,"saran saya, sediakan fitur membeli ambil di tempat.",13,Ongkir Mahal Cuma,0.7439960837364197,5,Pembayaran Bank Lewat,0.701332688331604,14,Mohon Lokasi Akurat,0.6481723189353943
292fa4d3-ae6c-4d05-8429-a06465f9f1af,"chat dg dokter utk buat resep sering kali chat lambat keluar, baru saat tekan ""selesai"", chat dg dokter baru bisa muncul.. mohon diperbaiki",7,Chat Bayar Dokter,0.8536437749862671,1,Dokter Saya Yang,0.8088722229003906,3,Berakhir Belum Konsultasi,0.7938587665557861
dc1fc76d-1c5c-48ea-b85f-56e4208b7ce8,Semoga aplikasinya membantu dan saya masih remaja semoga boleh menggunakannya,14,Mohon Lokasi Akurat,0.7205801606178284,11,Membantu Sangat Baik,0.6177526712417603,8,Yang Bisa Apotek,0.5801693201065063
59bd7287-caa8-42d7-b4f4-d6302c2618aa,Sumpah ya gue kasian sama kurirnya mesen yg instan tp kurirnya dari bekasi ke jaksel jauh bgt tolonglah diperbaiki lagi dan diperbanyak banyak kurirnya biar gk terlalu jauh kasian tau,6,Apotik Kasihan Di,0.8279577493667603,12,Driver Pengiriman Jam,0.7912111878395081,8,Yang Bisa Apotek,0.7543556094169617
96c9010e-40f0-4117-a4c8-eff437d011b2,Waste of time. Waste of money. Kelar,10,Kuponnya Of Waste,0.5460785627365112,2,Bagus Lumayan Berguna,0.35295793414115906,3,Berakhir Belum Konsultasi,0.3408565819263458
a839ced4-66e7-479d-8701-fc223a6cf353,Tidak digunakan,2,Bagus Lumayan Berguna,0.8057509064674377,10,Kuponnya Of Waste,0.6754025220870972,11,Membantu Sangat Baik,0.6187062859535217
c11a17d4-f95a-427b-942f-4c937ad8de00,Sistem pembayaran nya tambahin lagi dong biar kga ribet yg kga punya dana atau gopay,5,Pembayaran Bank Lewat,0.8014199733734131,12,Driver Pengiriman Jam,0.711704671382904,0,Saya Bisa Kenapa,0.6835072040557861
60caf8c4-3dc6-4736-8574-3fb8b8af16e4,Slow respon dokternya,4,Ramah Pasien Dokternya,0.8123893141746521,2,Bagus Lumayan Berguna,0.682601809501648,3,Berakhir Belum Konsultasi,0.6806877851486206
e5baf4d1-48a6-4ac3-8a5b-e891a2ee0eda,"Diskusi sama dokternya cuma dikasih 30 menit, dokternya juga lama balas chatnya jadi kurang maksimal aja konsultasinya, kalau sy ada banyak waktu mending sy ke klinik dari pada konsultasi online gini tp dibatasi waktunya toh sama2 bayar juga",1,Dokter Saya Yang,0.8470925688743591,12,Driver Pengiriman Jam,0.7916319966316223,7,Chat Bayar Dokter,0.787378191947937
4d02f174-f869-4f35-accf-46480ed5ecb2,Kenapa saat saya connect dgn Gopay selalu gagal? Pdhl pin gopay sudah benar.,0,Saya Bisa Kenapa,0.7938195466995239,7,Chat Bayar Dokter,0.65080326795578,9,Alamat Maps Sesuai,0.6434311866760254
f69a6fa5-79d3-49b6-97fa-c3904ebaa2c6,63⁷7u,2,Bagus Lumayan Berguna,0.8493587374687195,11,Membantu Sangat Baik,0.6627211570739746,10,Kuponnya Of Waste,0.5650690197944641
234a8dae-6f62-4820-a9b4-fa51a76139aa,Kok gabisa bayar pake mbangking ya,7,Chat Bayar Dokter,0.6414473056793213,13,Ongkir Mahal Cuma,0.6627165675163269,0,Saya Bisa Kenapa,0.6544256210327148
64afafc4-503d-421d-8c73-5879a91ba6a6,Ok kecuali surat ket sakit tidak ada ttd dan cap,9,Alamat Maps Sesuai,0.7109277248382568,7,Chat Bayar Dokter,0.6233493685722351,6,Apotik Kasihan Di,0.6043200492858887
6c91887e-7ba2-488e-a14c-649deb57abcb,Diberi bintang 3 duluh iya soalnya Bru pertama kali Konsul di halodoc😅,1,Dokter Saya Yang,0.6732010841369629,4,Ramah Pasien Dokternya,0.7345097064971924,6,Apotik Kasihan Di,0.6677961349487305
a3f55855-bcdf-482e-a3a5-988113e6a666,"Saya konsul dan dapat resep, di tulasan nya di cover asuransi untuk obat. tapi pas mau order kok msh harus bayar harga obat dan ongkir nya.",7,Chat Bayar Dokter,0.8359165191650391,1,Dokter Saya Yang,0.7933719158172607,6,Apotik Kasihan Di,0.7869589924812317
7422a394-53cc-4bd0-869f-082365a2ddcb,"Aplikasi halodoc nya sangat membantu bagi saya yang terlalu sibuk kerja. Saya menggunakan aplikasi ini dari awal tahun 2021, sangat mudah dan gampang untuk cara pembayarannya termasuk pembayaran via gopaylater. Untuk tahun ini 2023 pembayarannya sudah tidak bisa lagi pakai gopaylater, hanya bisa dilakukan pembayaran via gopay. Sangat disayangkan, berharap aplikasinya bisa ada pembayaran via apa saja. Mohon diperbaiki dan ditingkatkan lagi cara pembayarannya....",8,Yang Bisa Apotek,0.8432832956314087,1,Dokter Saya Yang,0.7629191279411316,0,Saya Bisa Kenapa,0.7550341486930847
429a388c-3344-467e-a36c-ff225d859161,Hanya untuk yg kepo suka tanya tanya dokter. Jgn harap ada resep obat. Jd klu bener bener butuh obat langsung ke dokter sekitar anda. Jangan buang buang uang hanya untuk sebuah percakapan yg gak seberapa.,1,Dokter Saya Yang,0.7912687659263611,8,Yang Bisa Apotek,0.7167086601257324,3,Berakhir Belum Konsultasi,0.6981858611106873
53305877-4c32-4c86-9130-b40ec2e3f43b,Boderek power desell ada gk boss,-1,Sampai Desell Power,0.0,14,Mohon Lokasi Akurat,0.5728246569633484,13,Ongkir Mahal Cuma,0.5519651174545288
7df92cb9-7ec1-4545-b5ff-787657ba9327,"Ini tolong dikondisikan, posisi saya di medan sumut, tapi RS rekomendasinya Di Jakarta, sudah saya refresh dan keluar masuk apl tetap saja sama, mau liat rs di medan jd gabisa buat janji temu offline",6,Apotik Kasihan Di,0.8210160136222839,7,Chat Bayar Dokter,0.7603144645690918,9,Alamat Maps Sesuai,0.7522938251495361
c8ea8fe6-ab1b-459d-8dac-db8442f53d84,Saya mau pesan obat dan sudah download aplikasi tapi harus di isi pake ktp aga wory soalnya itu data pribadi takut kasebar dan tidak aman jadinya bingung,9,Alamat Maps Sesuai,0.8159649968147278,7,Chat Bayar Dokter,0.8174540996551514,0,Saya Bisa Kenapa,0.798089861869812
5e079b05-fbc3-4e4f-a8d0-f3b7c208045c,"Saran agar pengiriman di percepat, kalo nunggu sampe 2jam an terlalu lama kan kasihan yang sakit perlu obat harus cepat di minum",12,Driver Pengiriman Jam,0.8570090532302856,8,Yang Bisa Apotek,0.7952365875244141,6,Apotik Kasihan Di,0.7646670341491699
8df2e026-f20e-4e38-82f9-1a440f150c46,SERING ERORR LODING MESSAGE PAS KONSUL KE DOKTER,1,Dokter Saya Yang,0.611632227897644,0,Saya Bisa Kenapa,0.6458855867385864,7,Chat Bayar Dokter,0.6454768180847168
dd59d78b-8a00-46f1-ae4b-06d0d6d4a24c,Bagus untuk Konsul dr rumah tapi saran dr saya adakan pembayaran lewat Alfamart/Indomaret karna orang yang seperti saya tidak bisa memakai virual bank dan aplikasi pembayaran lainnya 🙏,5,Pembayaran Bank Lewat,0.8118005990982056,8,Yang Bisa Apotek,0.7983063459396362,1,Dokter Saya Yang,0.7611773610115051
061585ee-9bda-42d7-b867-2d9c7e8272f0,"Pembayarannya jangan gopay doang min,susah tempat saya",8,Yang Bisa Apotek,0.6519684791564941,6,Apotik Kasihan Di,0.6726655960083008,13,Ongkir Mahal Cuma,0.6541973948478699
4c345c6e-d603-47ae-bef9-963711a7d637,Tolong dong kenapa saya tidak bisa top up halodoc??kenapa saya tidak bisa bayar menggunakan BCA?? Mohon jawabannya:),0,Saya Bisa Kenapa,0.7694425582885742,7,Chat Bayar Dokter,0.7081096768379211,14,Mohon Lokasi Akurat,0.6918154954910278
e2968018-57ca-4673-8788-3464618cb5c3,Pembayaran gk bsa pake DANA harusnya flexible. Apa aja bisa.,5,Pembayaran Bank Lewat,0.8179726004600525,13,Ongkir Mahal Cuma,0.7159952521324158,0,Saya Bisa Kenapa,0.6838387250900269
c3ec1aa6-9142-40f0-b3ae-12dad939b676,lumayan,2,Bagus Lumayan Berguna,0.9068456888198853,11,Membantu Sangat Baik,0.7379388809204102,10,Kuponnya Of Waste,0.6241142749786377
4b789a68-227b-4f97-960b-64fc3527c368,"Mau pesen obat malah muncul ""terjadi kesalahan"" terus, bener"" bikin gemes.",1,Dokter Saya Yang,0.6608481407165527,7,Chat Bayar Dokter,0.7210527658462524,13,Ongkir Mahal Cuma,0.6906760334968567
1271368a-437a-4a93-b10e-0668b97d3b2c,"Alamat susah dijangkau, minta alamat A tapi mapsnya ke wilayah C,",9,Alamat Maps Sesuai,0.7883247137069702,6,Apotik Kasihan Di,0.6766060590744019,13,Ongkir Mahal Cuma,0.6728686094284058
ec3981c5-3a7a-410f-b137-52388886f103,Kenapa saya tidak bisa menggunakan metode pembayaran DANA?padahal kemarin2 masih bisa,0,Saya Bisa Kenapa,0.7787519693374634,5,Pembayaran Bank Lewat,0.7563635110855103,7,Chat Bayar Dokter,0.7046433687210083
724003af-6927-470f-b6d5-0bf4d4d564ac,"Dulu bagus.. tapi kok. Hari ini ada kejadian aneh. Saya Konsul dengan dokter gizi .. belom waktunya abis .. dokter udh gak respon. Gak jawab samsek pertanyaan saya. Okey lah kalau waktunya abis.. saya nungguin Ampek terbengong"". Trus saya coba dokter ke dua. Sama juga.. awalnya lancar.. eh mendekati waktu habis.. dokter sudah tdk respon. Pdhl saya masih ada waktu sesi. Ini agak gak nyaman sih menurut saya.. tolong solusinya yaaa . Kalau kinerja halodoc SPT ini saya bakal kecewa bngt",1,Dokter Saya Yang,0.8678455352783203,7,Chat Bayar Dokter,0.7792677879333496,8,Yang Bisa Apotek,0.7730761766433716
3f5a934e-0883-49d7-a6e0-45290c2b6367,Lumayan buat yg sakit di kosan,2,Bagus Lumayan Berguna,0.5603379011154175,4,Ramah Pasien Dokternya,0.6565234661102295,6,Apotik Kasihan Di,0.6072622537612915
fcf9baad-782f-4286-a867-be014db67431,Tolong diperbaiki aplikasi nya lemot bgt sampe hp saya ikutan lemot :( udah coba install ulang jg. Hp saya 8/128 buka grab/gojek bahkan genshin impact aja lancar. Cuma halodoc aja yg lemot,0,Saya Bisa Kenapa,0.8565661907196045,7,Chat Bayar Dokter,0.7483659386634827,8,Yang Bisa Apotek,0.7476950883865356
1e01d75d-3b5b-4525-810b-45dd90cc96b6,Saya udah bayar dan chat dokter. Tapi ga ada jawaban sampai akhirnya chat berakhir dan ga ada saran atau apapun dari dokter nya.,7,Chat Bayar Dokter,0.8347368240356445,1,Dokter Saya Yang,0.7945443391799927,3,Berakhir Belum Konsultasi,0.7427235841751099
